N,C,E,seed,heuristic,canon_level,solved,timeout_reason,cost,expanded,generated,duplicates_detected,reopened,canon_calls,canon_time_s,wall_time_s,h_evaluations,open_max_size,closed_max_size,peak_rss_mb
4,4,1,0,h1,L0,1,,11,24,33,2,0,32,1.3e-05,0.0004,30,7,24,14.5
4,4,1,0,h1,L1,1,,11,24,33,2,0,32,2.4e-05,0.0003,30,7,24,14.5
4,4,1,0,h1,L2,1,,11,24,33,3,0,32,0.00074,0.0012,29,6,24,14.5
4,4,1,0,h1,L3,1,,11,24,33,3,0,32,0.000907,0.0013,29,6,24,14.5
4,4,1,0,h4,L0,1,,11,11,18,0,0,17,7e-06,0.0002,17,7,11,14.5
4,4,1,0,h4,L1,1,,11,11,18,0,0,17,1.5e-05,0.0002,17,7,11,14.5
4,4,1,0,h4,L2,1,,11,11,18,0,0,17,0.000403,0.0006,17,7,11,14.5
4,4,1,0,h4,L3,1,,11,11,18,0,0,17,0.000482,0.0007,17,7,11,14.5
4,4,1,2,h1,L0,1,,12,13,24,0,0,23,8e-06,0.0002,23,11,13,14.5
4,4,1,2,h1,L1,1,,12,13,24,0,0,23,1.7e-05,0.0003,23,11,13,14.5
4,4,1,2,h1,L2,1,,12,13,24,0,0,23,0.000536,0.0008,23,11,13,14.5
4,4,1,2,h1,L3,1,,12,13,24,0,0,23,0.000612,0.0009,23,11,13,14.5
4,4,1,2,h4,L0,1,,12,13,28,1,0,27,1e-05,0.0003,26,14,13,14.5
4,4,1,2,h4,L1,1,,12,13,28,2,0,27,1.9e-05,0.0003,25,13,13,14.5
4,4,1,2,h4,L2,1,,12,13,28,4,0,27,0.000646,0.0009,23,12,13,14.5
4,4,1,2,h4,L3,1,,12,13,28,4,0,27,0.000809,0.0012,23,12,13,14.5
4,4,1,8,h1,L0,1,,8,19,28,1,0,27,9e-06,0.0003,26,8,19,14.5
4,4,1,8,h1,L1,1,,8,19,28,1,0,27,2e-05,0.0003,26,8,19,14.5
4,4,1,8,h1,L2,1,,8,19,28,4,0,27,0.00065,0.001,24,6,19,14.5
4,4,1,8,h1,L3,1,,8,19,28,4,0,27,0.00078,0.0011,24,6,19,14.5
4,4,1,8,h4,L0,1,,8,8,14,0,0,13,5e-06,0.0001,13,6,8,14.5
4,4,1,8,h4,L1,1,,8,8,14,0,0,13,1e-05,0.0001,13,6,8,14.5
4,4,1,8,h4,L2,1,,8,8,14,0,0,13,0.000344,0.0005,13,6,8,14.5
4,4,1,8,h4,L3,1,,8,8,14,0,0,13,0.000335,0.0005,13,6,8,14.5
4,4,1,9,h1,L0,1,,10,10,17,0,0,16,6e-06,0.0002,16,7,10,14.5
4,4,1,9,h1,L1,1,,10,10,17,0,0,16,1.2e-05,0.0002,16,7,10,14.5
4,4,1,9,h1,L2,1,,10,10,17,0,0,16,0.000359,0.0005,16,7,10,14.5
4,4,1,9,h1,L3,1,,10,10,17,0,0,16,0.000405,0.0006,16,7,10,14.5
4,4,1,9,h4,L0,1,,10,10,17,0,0,16,6e-06,0.0002,16,7,10,14.5
4,4,1,9,h4,L1,1,,10,10,17,0,0,16,1.3e-05,0.0002,16,7,10,14.5
4,4,1,9,h4,L2,1,,10,10,17,0,0,16,0.000389,0.0006,16,7,10,14.5
4,4,1,9,h4,L3,1,,10,10,17,0,0,16,0.000428,0.0006,16,7,10,14.6
4,4,1,12,h1,L0,1,,12,20,26,0,0,25,9e-06,0.0003,25,6,20,14.6
4,4,1,12,h1,L1,1,,12,20,26,1,0,25,1.8e-05,0.0003,24,5,20,14.6
4,4,1,12,h1,L2,1,,12,20,26,1,0,25,0.000573,0.0009,24,5,20,14.6
4,4,1,12,h1,L3,1,,12,20,26,1,0,25,0.000701,0.001,24,5,20,14.6
4,4,1,12,h4,L0,1,,12,22,34,2,0,33,1.2e-05,0.0004,31,10,22,14.6
4,4,1,12,h4,L1,1,,12,21,30,3,0,29,2.1e-05,0.0003,26,6,21,14.6
4,4,1,12,h4,L2,1,,12,21,30,5,0,29,0.000719,0.0011,25,5,21,14.6
4,4,1,12,h4,L3,1,,12,21,30,5,0,29,0.000911,0.0013,25,5,21,14.6
4,4,2,0,h1,L0,1,,11,460,1674,837,0,1673,0.002086,0.0142,902,443,460,15.1
4,4,2,0,h1,L1,1,,11,230,850,516,0,849,0.000586,0.0059,370,141,230,15.1
4,4,2,0,h1,L2,1,,11,206,764,480,0,763,0.017245,0.0235,316,111,206,15.1
4,4,2,0,h1,L3,1,,11,206,764,480,0,763,0.01932,0.0257,316,111,206,15.1
4,4,2,0,h4,L0,1,,11,11,67,1,0,66,2.2e-05,0.0005,65,55,11,15.1
4,4,2,0,h4,L1,1,,11,11,67,21,0,66,5.4e-05,0.0005,45,35,11,15.1
4,4,2,0,h4,L2,1,,11,11,67,21,0,66,0.0015,0.0021,45,35,11,15.1
4,4,2,0,h4,L3,1,,11,11,67,21,0,66,0.001803,0.0024,45,35,11,15.1
4,4,2,1,h1,L0,1,,12,548,1894,924,0,1893,0.000772,0.014,1064,516,548,15.2
4,4,2,1,h1,L1,1,,12,270,937,551,0,936,0.000728,0.0075,431,163,270,15.2
4,4,2,1,h1,L2,1,,12,257,889,533,0,888,0.019618,0.0271,400,145,257,15.2
4,4,2,1,h1,L3,1,,12,257,889,533,0,888,0.022862,0.0309,400,145,257,15.2
4,4,2,1,h4,L0,1,,12,15,86,7,0,85,2.9e-05,0.0007,80,65,15,15.2
4,4,2,1,h4,L1,1,,12,12,68,26,0,67,5e-05,0.0005,41,30,12,15.2
4,4,2,1,h4,L2,1,,12,12,68,26,0,67,0.001519,0.0021,41,30,12,15.2
4,4,2,1,h4,L3,1,,12,12,68,26,0,67,0.001798,0.0024,41,30,12,15.2
4,4,2,2,h1,L0,1,,12,300,1126,497,0,1125,0.000413,0.0085,640,341,300,15.2
4,4,2,2,h1,L1,1,,12,184,707,385,0,706,0.000519,0.0051,333,150,184,15.2
4,4,2,2,h1,L2,1,,12,166,634,356,0,633,0.013861,0.019,289,124,166,15.2
4,4,2,2,h1,L3,1,,12,166,634,356,0,633,0.015821,0.0213,289,124,166,15.2
4,4,2,2,h4,L0,1,,12,13,87,3,0,86,3.1e-05,0.0007,83,70,13,15.2
4,4,2,2,h4,L1,1,,12,13,87,31,0,86,6.2e-05,0.0006,55,43,13,15.2
4,4,2,2,h4,L2,1,,12,13,87,34,0,86,0.001906,0.0026,52,40,13,15.2
4,4,2,2,h4,L3,1,,12,13,87,34,0,86,0.002257,0.0029,52,40,13,15.2
4,4,2,3,h1,L0,1,,11,306,1115,463,0,1114,0.00042,0.0083,676,370,306,15.2
4,4,2,3,h1,L1,1,,11,142,513,257,0,512,0.000393,0.0037,265,125,142,15.2
4,4,2,3,h1,L2,1,,11,137,494,259,0,493,0.01135,0.0157,246,111,137,15.2
4,4,2,3,h1,L3,1,,11,137,494,259,0,493,0.01316,0.0174,246,111,137,15.2
4,4,2,3,h4,L0,1,,11,11,47,2,0,46,4.4e-05,0.0004,44,33,11,15.2
4,4,2,3,h4,L1,1,,11,11,47,16,0,46,3.8e-05,0.0004,30,20,11,15.2
4,4,2,3,h4,L2,1,,11,11,47,17,0,46,0.001137,0.0016,29,19,11,15.2
4,4,2,3,h4,L3,1,,11,11,47,17,0,46,0.00127,0.0017,29,19,11,15.2
4,4,2,4,h1,L0,1,,12,367,1237,507,0,1236,0.000445,0.0092,747,381,367,15.2
4,4,2,4,h1,L1,1,,12,159,536,279,0,535,0.000384,0.004,263,106,159,15.2
4,4,2,4,h1,L2,1,,12,154,516,273,0,515,0.011112,0.0156,249,97,154,15.2
4,4,2,4,h1,L3,1,,12,154,516,273,0,515,0.014165,0.019,249,97,154,15.2
4,4,2,4,h4,L0,1,,12,12,60,3,0,59,3.1e-05,0.0007,56,44,12,15.2
4,4,2,4,h4,L1,1,,12,12,60,23,0,59,4.3e-05,0.0004,36,25,12,15.2
4,4,2,4,h4,L2,1,,12,12,60,23,0,59,0.001483,0.002,36,25,12,15.2
4,4,2,4,h4,L3,1,,12,12,60,23,0,59,0.001744,0.0023,36,25,12,15.2
5,4,1,5,h1,L0,1,,14,33,53,12,0,52,2e-05,0.0006,40,11,33,15.2
5,4,1,5,h1,L1,1,,14,33,53,13,0,52,3.9e-05,0.0006,39,10,33,15.2
5,4,1,5,h1,L2,1,,14,32,52,14,0,51,0.001511,0.0021,37,9,32,15.2
5,4,1,5,h1,L3,1,,14,32,52,14,0,51,0.001573,0.0023,37,9,32,15.2
5,4,1,5,h4,L0,1,,14,15,30,1,0,29,1.1e-05,0.0004,28,14,15,15.2
5,4,1,5,h4,L1,1,,14,15,30,2,0,29,2.2e-05,0.0003,27,13,15,15.2
5,4,1,5,h4,L2,1,,14,15,30,2,0,29,0.00078,0.0012,27,13,15,15.2
5,4,1,5,h4,L3,1,,14,15,30,2,0,29,0.001057,0.0015,27,13,15,15.2
5,4,1,7,h1,L0,1,,15,36,56,7,0,55,2e-05,0.0006,48,14,36,15.2
5,4,1,7,h1,L1,1,,15,35,54,7,0,53,3.8e-05,0.0005,46,12,35,15.2
5,4,1,7,h1,L2,1,,15,35,54,7,0,53,0.001443,0.0021,46,12,35,15.2
5,4,1,7,h1,L3,1,,15,35,54,7,0,53,0.001876,0.0026,46,12,35,15.2
5,4,1,7,h4,L0,1,,15,23,47,4,0,46,1.7e-05,0.0005,42,21,23,15.2
5,4,1,7,h4,L1,1,,15,21,40,5,0,39,3.2e-05,0.0005,34,14,21,15.2
5,4,1,7,h4,L2,1,,15,21,40,7,0,39,0.00106,0.0016,33,13,21,15.2
5,4,1,7,h4,L3,1,,15,21,40,7,0,39,0.001796,0.0024,33,13,21,15.2
5,4,1,14,h1,L0,1,,13,24,34,1,0,33,1.1e-05,0.0004,32,9,24,15.2
5,4,1,14,h1,L1,1,,13,24,34,1,0,33,2.5e-05,0.0004,32,9,24,15.2
5,4,1,14,h1,L2,1,,13,24,34,1,0,33,0.000843,0.0013,32,9,24,15.2
5,4,1,14,h1,L3,1,,13,24,34,1,0,33,0.00113,0.0016,32,9,24,15.2
5,4,1,14,h4,L0,1,,13,13,22,0,0,21,8e-06,0.0002,21,9,13,15.2
5,4,1,14,h4,L1,1,,13,13,22,0,0,21,1.6e-05,0.0003,21,9,13,15.2
5,4,1,14,h4,L2,1,,13,13,22,0,0,21,0.000601,0.0009,21,9,13,15.2
5,4,1,14,h4,L3,1,,13,13,22,0,0,21,0.000848,0.0012,21,9,13,15.2
5,4,1,17,h1,L0,1,,14,33,65,16,0,64,2.4e-05,0.0007,48,16,33,15.2
5,4,1,17,h1,L1,1,,14,33,65,17,0,64,4.4e-05,0.0006,47,15,33,15.2
5,4,1,17,h1,L2,1,,14,33,65,17,0,64,0.001613,0.0023,47,15,33,15.2
5,4,1,17,h1,L3,1,,14,33,65,17,0,64,0.001978,0.0027,47,15,33,15.2
5,4,1,17,h4,L0,1,,14,19,41,3,0,40,1.8e-05,0.0004,37,19,19,15.2
5,4,1,17,h4,L1,1,,14,19,41,7,0,40,2.9e-05,0.0004,33,15,19,15.2
5,4,1,17,h4,L2,1,,14,19,41,8,0,40,0.00115,0.0016,32,15,19,15.2
5,4,1,17,h4,L3,1,,14,19,41,8,0,40,0.001659,0.0022,32,15,19,15.2
5,4,1,20,h1,L0,1,,14,51,102,39,0,101,3.4e-05,0.0009,63,13,51,15.2
5,4,1,20,h1,L1,1,,14,51,102,41,0,101,7.3e-05,0.0009,61,13,51,15.2
5,4,1,20,h1,L2,1,,14,50,101,41,0,100,0.002643,0.0037,59,12,50,15.2
5,4,1,20,h1,L3,1,,14,50,101,41,0,100,0.003207,0.0043,59,12,50,15.2
5,4,1,20,h4,L0,1,,14,16,33,1,0,32,1.1e-05,0.0003,31,16,16,15.2
5,4,1,20,h4,L1,1,,14,16,33,3,0,32,2.4e-05,0.0003,29,14,16,15.2
5,4,1,20,h4,L2,1,,14,16,33,4,0,32,0.000914,0.0014,28,13,16,15.2
5,4,1,20,h4,L3,1,,14,16,33,4,0,32,0.001276,0.0017,28,13,16,15.2
5,4,2,0,h1,L0,1,,15,2236,8528,4194,0,8527,0.003232,0.0692,4415,2179,2236,17.3
5,4,2,0,h1,L1,1,,15,696,2709,1788,0,2708,0.00211,0.0203,952,275,696,17.3
5,4,2,0,h1,L2,1,,15,583,2271,1546,0,2270,0.062675,0.0851,759,197,583,17.3
5,4,2,0,h1,L3,1,,15,582,2269,1545,0,2268,0.074089,0.0948,757,196,582,17.3
5,4,2,0,h4,L0,1,,15,69,398,98,0,397,0.000155,0.0031,307,238,69,17.3
5,4,2,0,h4,L1,1,,15,35,200,79,0,199,0.000143,0.0014,120,86,35,17.3
5,4,2,0,h4,L2,1,,15,35,200,79,0,199,0.005121,0.0068,120,86,35,17.3
5,4,2,0,h4,L3,1,,15,35,200,79,0,199,0.00627,0.0081,120,86,35,17.3
5,4,2,1,h1,L0,1,,16,2990,11691,6483,0,11690,0.004347,0.092,5506,2461,2990,18.3
5,4,2,1,h1,L1,1,,16,727,2969,2139,0,2968,0.002648,0.0246,922,241,727,18.3
5,4,2,1,h1,L2,1,,16,706,2899,2108,0,2898,0.094591,0.1248,879,225,706,18.3
5,4,2,1,h1,L3,1,,16,706,2899,2108,0,2898,0.102744,0.1324,879,225,706,18.3
5,4,2,1,h4,L0,1,,16,16,62,3,0,61,2.7e-05,0.0006,58,42,16,18.3
5,4,2,1,h4,L1,1,,16,16,62,19,0,61,4.9e-05,0.0006,42,27,16,18.3
5,4,2,1,h4,L2,1,,16,16,62,20,0,61,0.001643,0.0023,41,26,16,18.3
5,4,2,1,h4,L3,1,,16,16,62,20,0,61,0.002653,0.0033,41,26,16,18.3
5,4,2,2,h1,L0,1,,14,475,1431,479,0,1430,0.000552,0.013,961,486,475,18.3
5,4,2,2,h1,L1,1,,14,239,724,320,0,723,0.000581,0.0062,407,170,239,18.3
5,4,2,2,h1,L2,1,,14,236,713,327,0,712,0.01881,0.0262,389,155,236,18.3
5,4,2,2,h1,L3,1,,14,236,713,327,0,712,0.023421,0.0308,389,155,236,18.3
5,4,2,2,h4,L0,1,,14,16,74,5,0,73,2.7e-05,0.0007,68,52,16,18.3
5,4,2,2,h4,L1,1,,14,15,68,27,0,67,5.5e-05,0.0006,40,26,15,18.3
5,4,2,2,h4,L2,1,,14,15,68,28,0,67,0.001795,0.0024,39,25,15,18.3
5,4,2,2,h4,L3,1,,14,15,68,28,0,67,0.002798,0.0035,39,25,15,18.3
5,4,2,3,h1,L0,1,,14,579,1942,940,0,1941,0.000661,0.0154,1078,499,579,18.3
5,4,2,3,h1,L1,1,,14,280,943,536,0,942,0.000725,0.0075,441,166,280,18.3
5,4,2,3,h1,L2,1,,14,269,903,518,0,902,0.023492,0.0319,419,155,269,18.3
5,4,2,3,h1,L3,1,,14,269,903,518,0,902,0.028194,0.0367,419,155,269,18.3
5,4,2,3,h4,L0,1,,14,96,535,160,0,534,0.000181,0.0041,394,297,96,18.3
5,4,2,3,h4,L1,1,,14,50,279,115,0,278,0.000241,0.0021,164,115,50,18.3
5,4,2,3,h4,L2,1,,14,50,279,115,0,278,0.007143,0.0095,164,115,50,18.3
5,4,2,3,h4,L3,1,,14,50,279,115,0,278,0.008692,0.0112,164,115,50,18.3
5,4,2,4,h1,L0,1,,14,629,2136,1034,0,2135,0.000708,0.0164,1198,569,629,18.3
5,4,2,4,h1,L1,1,,14,302,1027,597,0,1026,0.000804,0.0083,475,179,302,18.3
5,4,2,4,h1,L2,1,,14,302,1027,599,0,1026,0.028385,0.0385,473,177,302,18.3
5,4,2,4,h1,L3,1,,14,302,1027,599,0,1026,0.030083,0.0396,473,177,302,18.3
5,4,2,4,h4,L0,1,,14,14,57,2,0,56,2.1e-05,0.0006,54,40,14,18.3
5,4,2,4,h4,L1,1,,14,14,57,20,0,56,4.3e-05,0.0005,36,23,14,18.3
5,4,2,4,h4,L2,1,,14,14,57,20,0,56,0.001584,0.0022,36,23,14,18.3
5,4,2,4,h4,L3,1,,14,14,57,20,0,56,0.0028,0.0034,36,23,14,18.3
6,4,1,4,h1,L0,1,,21,62,90,14,0,89,3.2e-05,0.0011,75,14,62,18.3
6,4,1,4,h1,L1,1,,21,62,90,18,0,89,7.3e-05,0.0011,71,12,62,18.3
6,4,1,4,h1,L2,1,,21,62,90,19,0,89,0.002937,0.0042,70,12,62,18.3
6,4,1,4,h1,L3,1,,21,62,90,19,0,89,0.004362,0.0057,70,12,62,18.3
6,4,1,4,h4,L0,1,,21,37,62,4,0,61,2.1e-05,0.0007,57,21,37,18.3
6,4,1,4,h4,L1,1,,21,37,62,6,0,61,4.7e-05,0.0008,55,19,37,18.3
6,4,1,4,h4,L2,1,,21,37,62,6,0,61,0.002061,0.0029,55,19,37,18.3
6,4,1,4,h4,L3,1,,21,37,62,6,0,61,0.003408,0.0043,55,19,37,18.3
6,4,1,18,h1,L0,1,,17,52,73,3,0,72,2.6e-05,0.0009,69,18,52,18.3
6,4,1,18,h1,L1,1,,17,52,73,5,0,72,5.7e-05,0.0009,67,16,52,18.3
6,4,1,18,h1,L2,1,,17,50,71,7,0,70,0.002359,0.0034,63,14,50,18.3
6,4,1,18,h1,L3,1,,17,50,71,7,0,70,0.003597,0.0047,63,14,50,18.3
6,4,1,18,h4,L0,1,,17,22,40,2,0,39,1.4e-05,0.0005,37,16,22,18.3
6,4,1,18,h4,L1,1,,17,22,40,4,0,39,3.7e-05,0.0005,35,14,22,18.3
6,4,1,18,h4,L2,1,,17,22,40,4,0,39,0.001363,0.0019,35,14,22,18.3
6,4,1,18,h4,L3,1,,17,22,40,4,0,39,0.0024,0.003,35,14,22,18.3
6,4,1,23,h1,L0,1,,16,61,129,55,0,128,4.3e-05,0.0011,73,18,61,18.3
6,4,1,23,h1,L1,1,,16,61,129,57,0,128,0.000112,0.0013,71,18,61,18.3
6,4,1,23,h1,L2,1,,16,61,129,57,0,128,0.00386,0.0052,71,18,61,18.3
6,4,1,23,h1,L3,1,,16,61,129,57,0,128,0.005353,0.0068,71,18,61,18.3
6,4,1,23,h4,L0,1,,16,18,37,1,0,36,1.3e-05,0.0004,35,18,18,18.3
6,4,1,23,h4,L1,1,,16,18,37,3,0,36,3.5e-05,0.0005,33,16,18,18.3
6,4,1,23,h4,L2,1,,16,18,37,3,0,36,0.001203,0.0017,33,16,18,18.3
6,4,1,23,h4,L3,1,,16,18,37,3,0,36,0.002469,0.003,33,16,18,18.3
6,4,1,27,h1,L0,1,,15,15,27,0,0,26,1e-05,0.0004,26,12,15,18.3
6,4,1,27,h1,L1,1,,15,15,27,1,0,26,2.1e-05,0.0003,25,11,15,18.3
6,4,1,27,h1,L2,1,,15,15,27,1,0,26,0.00083,0.0012,25,11,15,18.3
6,4,1,27,h1,L3,1,,15,15,27,1,0,26,0.00211,0.0025,25,11,15,18.3
6,4,1,27,h4,L0,1,,15,16,33,1,0,32,1.1e-05,0.0004,31,16,16,18.3
6,4,1,27,h4,L1,1,,15,16,33,5,0,32,2.7e-05,0.0004,27,12,16,18.3
6,4,1,27,h4,L2,1,,15,16,33,7,0,32,0.001014,0.0014,25,11,16,18.3
6,4,1,27,h4,L3,1,,15,16,33,7,0,32,0.003009,0.0035,25,11,16,18.3
6,4,1,52,h1,L0,1,,20,37,50,5,0,49,1.7e-05,0.0006,44,9,37,18.3
6,4,1,52,h1,L1,1,,20,37,50,5,0,49,6.6e-05,0.0007,44,9,37,18.3
6,4,1,52,h1,L2,1,,20,37,50,5,0,49,0.001606,0.0024,44,9,37,18.3
6,4,1,52,h1,L3,1,,20,37,50,5,0,49,0.002708,0.0034,44,9,37,18.3
6,4,1,52,h4,L0,1,,20,37,50,5,0,49,1.8e-05,0.0007,44,12,37,18.3
6,4,1,52,h4,L1,1,,20,37,50,5,0,49,3.8e-05,0.0007,44,12,37,18.3
6,4,1,52,h4,L2,1,,20,37,50,5,0,49,0.001651,0.0024,44,12,37,18.3
6,4,1,52,h4,L3,1,,20,37,50,5,0,49,0.002628,0.0035,44,12,37,18.3
6,4,2,0,h1,L0,1,,18,1080,3481,1455,0,3480,0.001513,0.0327,2093,1014,1080,18.3
6,4,2,0,h1,L1,1,,18,535,1725,787,0,1724,0.001406,0.0153,968,436,535,18.3
6,4,2,0,h1,L2,1,,18,521,1681,774,0,1680,0.054236,0.0724,933,415,521,18.3
6,4,2,0,h1,L3,1,,18,521,1681,774,0,1680,0.072508,0.0904,933,415,521,18.3
6,4,2,0,h4,L0,1,,18,18,84,2,0,83,3.2e-05,0.0008,81,63,18,18.3
6,4,2,0,h4,L1,1,,18,18,84,25,0,83,6.6e-05,0.0007,58,41,18,18.3
6,4,2,0,h4,L2,1,,18,18,84,25,0,83,0.002652,0.0035,58,41,18,18.3
6,4,2,0,h4,L3,1,,18,18,84,25,0,83,0.008508,0.0095,58,41,18,18.3
6,4,2,1,h1,L0,1,,19,5681,19190,9701,0,19189,0.009839,0.1873,10029,4151,5681,21.7
6,4,2,1,h1,L1,1,,19,1775,6111,4011,0,6110,0.005513,0.0524,2317,468,1775,21.7
6,4,2,1,h1,L2,1,,19,1720,5930,3922,0,5929,0.18125,0.2395,2212,423,1720,21.7
6,4,2,1,h1,L3,1,,19,1720,5930,3922,0,5929,0.244625,0.3059,2212,423,1720,21.7
6,4,2,1,h4,L0,1,,19,19,77,3,0,76,3.1e-05,0.0008,73,54,19,21.7
6,4,2,1,h4,L1,1,,19,19,77,25,0,76,6.4e-05,0.0007,51,33,19,21.7
6,4,2,1,h4,L2,1,,19,19,77,25,0,76,0.004502,0.0054,51,33,19,21.7
6,4,2,1,h4,L3,1,,19,19,77,25,0,76,0.007644,0.0085,51,33,19,21.7
6,4,2,2,h1,L0,1,,18,1812,5665,2575,0,5664,0.002363,0.053,3280,1474,1812,21.7
6,4,2,2,h1,L1,1,,18,882,2744,1436,0,2743,0.00257,0.0277,1400,526,882,21.7
6,4,2,2,h1,L2,1,,18,779,2399,1272,0,2398,0.075937,0.1017,1210,439,779,21.7
6,4,2,2,h1,L3,1,,18,779,2399,1272,0,2398,0.110434,0.1371,1210,439,779,21.7
6,4,2,2,h4,L0,1,,18,28,193,19,0,192,7.9e-05,0.0017,180,152,28,21.7
6,4,2,2,h4,L1,1,,18,20,129,39,0,128,0.000104,0.001,89,70,20,21.7
6,4,2,2,h4,L2,1,,18,20,129,40,0,128,0.004014,0.0052,88,69,20,21.7
6,4,2,2,h4,L3,1,,18,20,129,40,0,128,0.010117,0.0114,88,69,20,21.7
6,4,2,3,h1,L0,1,,18,7628,30070,17994,0,30069,0.014281,0.272,13023,5040,7628,24.0
6,4,2,3,h1,L1,1,,18,2484,10275,7234,0,10274,0.008952,0.0841,3366,715,2484,24.0
6,4,2,3,h1,L2,1,,18,2417,10058,7131,0,10057,0.320554,0.4178,3240,700,2417,24.0
6,4,2,3,h1,L3,1,,18,2417,10058,7131,0,10057,0.37857,0.4739,3240,700,2417,24.0
6,4,2,3,h4,L0,1,,18,18,93,4,0,92,3.6e-05,0.0008,88,70,18,24.0
6,4,2,3,h4,L1,1,,18,18,93,32,0,92,7.7e-05,0.0008,60,43,18,24.0
6,4,2,3,h4,L2,1,,18,18,93,32,0,92,0.002931,0.0038,60,43,18,24.0
6,4,2,3,h4,L3,1,,18,18,93,32,0,92,0.007058,0.008,60,43,18,24.0
6,4,2,4,h1,L0,1,,20,2896,9127,4614,0,9126,0.004,0.0833,4731,1841,2896,24.0
6,4,2,4,h1,L1,1,,20,1340,4193,2314,0,4192,0.004009,0.0396,1978,646,1340,24.0
6,4,2,4,h1,L2,1,,20,1285,4010,2269,0,4009,0.126976,0.1698,1838,561,1285,24.0
6,4,2,4,h1,L3,1,,20,1283,4004,2268,0,4003,0.155282,0.199,1833,558,1283,24.0
6,4,2,4,h4,L0,1,,20,20,90,2,0,89,3.6e-05,0.0009,87,67,20,24.0
6,4,2,4,h4,L1,1,,20,20,90,30,0,89,7.9e-05,0.0008,59,40,20,24.0
6,4,2,4,h4,L2,1,,20,20,90,31,0,89,0.002959,0.0039,58,39,20,24.0
6,4,2,4,h4,L3,1,,20,20,90,31,0,89,0.007963,0.009,58,39,20,24.0
